﻿designator,quantity,value,pack,mpn,mount_type
"C101, C105, C106, C111, C112, C113, C114, C117, C118",9,100n,C_0805_2012Metric,,smt
"C102, C103, C104",3,1n,C_0805_2012Metric,,smt
"C107, C108, C115",3,4u7,CP_Radial_D5.0mm_P2.50mm,,tht
"C109, C110",2,220n,C_0805_2012Metric,,smt
C116,1,10u,CP_Radial_D5.0mm_P2.50mm,,tht
D102,1,WS2812B,LED_WS2812B_PLCC4_5.0x5.0mm_P3.2mm,,smt
J101,1,1V/OCT,Jack_3.5mm_QingPu_WQP-PJ398SM_Vertical_CircularHoles,,tht
J102,1,FM,Jack_3.5mm_QingPu_WQP-PJ398SM_Vertical_CircularHoles,,tht
J103,1,HARD SYNC,Jack_3.5mm_QingPu_WQP-PJ398SM_Vertical_CircularHoles,,tht
J104,1,SOFT SYNC,Jack_3.5mm_QingPu_WQP-PJ398SM_Vertical_CircularHoles,,tht
J105,1,PWM,Jack_3.5mm_QingPu_WQP-PJ398SM_Vertical_CircularHoles,,tht
J106,1,Pulse,Jack_3.5mm_QingPu_WQP-PJ398SM_Vertical_CircularHoles,,tht
J107,1,Saw,Jack_3.5mm_QingPu_WQP-PJ398SM_Vertical_CircularHoles,,tht
J108,1,Triangle,Jack_3.5mm_QingPu_WQP-PJ398SM_Vertical_CircularHoles,,tht
J109,1,POWER,PinHeader_2x05_P2.54mm_Vertical,,tht
J110,1,SWI,PinHeader_1x04_P2.54mm_Vertical,,tht
Q101,1,BC847,SOT-23,,smt
"R101, R102",2,1M,R_0805_2012Metric,,smt
R103,1,1M5,R_0805_2012Metric,,smt
R104,1,470,R_0805_2012Metric,,smt
R105,1,1k8,R_0805_2012Metric,,smt
R106,1,24k,R_0805_2012Metric,,smt
R107,1,5k6,R_0805_2012Metric,,smt
R108,1,680,R_0805_2012Metric,,smt
"R109, R113, R137, R139",4,47k,R_0805_2012Metric,,smt
"R110, R111, R124, R125, R126, R128, R129, R130, R131, R132",10,100k,R_0805_2012Metric,,smt
"R112, R116",2,220k,R_0805_2012Metric,,smt
"R114, R115",2,2k2,R_0805_2012Metric,,smt
"R117, R118, R119",3,92k,R_0805_2012Metric,,smt
"R120, R121",2,10k,R_0805_2012Metric,,smt
"R122, R123",2,680k,R_0805_2012Metric,,smt
R127,1,12k,R_0805_2012Metric,,smt
R133,1,4k7,R_0805_2012Metric,,smt
"R134, R136",2,R_PULLUP,R_0805_2012Metric,,smt
"R135, R138",2,1k,R_0805_2012Metric,,smt
RV101,1,20k Trim2,Potentiometer_Bourns_3266Y_Vertical,,tht
RV102,1,10k Trim1,Potentiometer_Bourns_3266Y_Vertical,,tht
RV103,1,10k Coarse,Potentiometer_Alps_RK09L_Single_Vertical,,tht
RV104,1,10k Fine,Potentiometer_Alps_RK09L_Single_Vertical,,tht
RV105,1,10k PWM Depth,Potentiometer_Alps_RK09L_Single_Vertical,,tht
RV106,1,10k Pulse Width,Potentiometer_Alps_RK09L_Single_Vertical,,tht
SW101,1,RST,SW_SPST_B3U-1000P,,smt
U101,1,AS3340,DIP-16_W7.62mm,,tht
U102,1,TL074,SOIC-14_3.9x8.7mm_P1.27mm,,smt
U103,1,TL072,SOIC-8_3.9x4.9mm_P1.27mm,,smt
U104,1,STM32G030F6P6,TSSOP-20_4.4x6.5mm_P0.65mm,,smt
U105,1,~,SSD1306_OLED_128x64,,tht
U106,1,AMS1117,SOT-223-3_TabPin2,,smt
