﻿pos_x,pos_y,rotation,side,designator,mpn,pack,value,mount_type,place
9.2,-72.78,0.0,bottom,C101,,C_0805_2012Metric,100n,smt,True
9.63,-90.08,0.0,bottom,C102,,C_0805_2012Metric,1n,smt,True
9.89,-100.89,0.0,bottom,C103,,C_0805_2012Metric,1n,smt,True
32.92,-79.55,180.0,bottom,C104,,C_0805_2012Metric,1n,smt,True
27.96,-63.89,90.0,bottom,C105,,C_0805_2012Metric,100n,smt,True
17.08,-9.56,-90.0,bottom,C106,,C_0805_2012Metric,100n,smt,True
34.54,-107.735112,90.0,bottom,C107,,CP_Radial_D5.0mm_P2.50mm,4u7,tht,True
12.13,-107.375113,90.0,bottom,C108,,CP_Radial_D5.0mm_P2.50mm,4u7,tht,True
35.24,-101.3,0.0,bottom,C109,,C_0805_2012Metric,220n,smt,True
14.16,-99.35,180.0,bottom,C110,,C_0805_2012Metric,220n,smt,True
31.42,-95.81,180.0,bottom,C111,,C_0805_2012Metric,100n,smt,True
18.02,-94.06,0.0,bottom,C112,,C_0805_2012Metric,100n,smt,True
42.33,-22.98,180.0,bottom,C113,,C_0805_2012Metric,100n,smt,True
42.35,-18.38,180.0,bottom,C114,,C_0805_2012Metric,100n,smt,True
3.95,-9.39,90.0,bottom,C115,,CP_Radial_D5.0mm_P2.50mm,4u7,tht,True
9.64,-17.155113,90.0,bottom,C116,,CP_Radial_D5.0mm_P2.50mm,10u,tht,True
28.64,-30.87,180.0,bottom,C117,,C_0805_2012Metric,100n,smt,True
2.9,-1.81,0.0,bottom,C118,,C_0805_2012Metric,100n,smt,True
3.37,-15.32,-90.0,top,D102,,LED_WS2812B_PLCC4_5.0x5.0mm_P3.2mm,WS2812B,smt,True
5.87,-29.82,0.0,top,J101,,Jack_3.5mm_QingPu_WQP-PJ398SM_Vertical_CircularHoles,1V/OCT,tht,True
5.84,-61.38,0.0,top,J102,,Jack_3.5mm_QingPu_WQP-PJ398SM_Vertical_CircularHoles,FM,tht,True
5.84,-77.86,0.0,top,J103,,Jack_3.5mm_QingPu_WQP-PJ398SM_Vertical_CircularHoles,HARD SYNC,tht,True
5.85,-94.37,0.0,top,J104,,Jack_3.5mm_QingPu_WQP-PJ398SM_Vertical_CircularHoles,SOFT SYNC,tht,True
5.87,-45.87,0.0,top,J105,,Jack_3.5mm_QingPu_WQP-PJ398SM_Vertical_CircularHoles,PWM,tht,True
40.298099,-62.779478,0.0,top,J106,,Jack_3.5mm_QingPu_WQP-PJ398SM_Vertical_CircularHoles,Pulse,tht,True
40.278099,-79.169478,0.0,top,J107,,Jack_3.5mm_QingPu_WQP-PJ398SM_Vertical_CircularHoles,Saw,tht,True
40.278099,-95.629478,0.0,top,J108,,Jack_3.5mm_QingPu_WQP-PJ398SM_Vertical_CircularHoles,Triangle,tht,True
28.62,-107.31,90.0,bottom,J109,,PinHeader_2x05_P2.54mm_Vertical,POWER,tht,True
40.44,-11.86,0.0,bottom,J110,,PinHeader_1x04_P2.54mm_Vertical,SWI,tht,True
15.745,-21.745,0.0,bottom,Q101,,SOT-23,BC847,smt,True
21.04,-61.92,180.0,bottom,R101,,R_0805_2012Metric,1M,smt,True
9.5275,-78.79,180.0,bottom,R102,,R_0805_2012Metric,1M,smt,True
9.51,-82.26,180.0,bottom,R103,,R_0805_2012Metric,1M5,smt,True
9.54,-85.13,0.0,bottom,R104,,R_0805_2012Metric,470,smt,True
32.44,-72.72,180.0,bottom,R105,,R_0805_2012Metric,1k8,smt,True
21.07,-65.36,180.0,bottom,R106,,R_0805_2012Metric,24k,smt,True
16.66,-68.97,-90.0,bottom,R107,,R_0805_2012Metric,5k6,smt,True
13.23,-73.475,0.0,bottom,R108,,R_0805_2012Metric,680,smt,True
31.54,-91.21,0.0,bottom,R109,,R_0805_2012Metric,47k,smt,True
32.22,-87.88,-90.0,bottom,R110,,R_0805_2012Metric,100k,smt,True
34.38,-87.87,90.0,bottom,R111,,R_0805_2012Metric,100k,smt,True
35.21,-95.67,180.0,bottom,R112,,R_0805_2012Metric,220k,smt,True
33.05,-82.09,0.0,bottom,R113,,R_0805_2012Metric,47k,smt,True
36.89,-83.66,0.0,bottom,R114,,R_0805_2012Metric,2k2,smt,True
36.9025,-81.46,180.0,bottom,R115,,R_0805_2012Metric,2k2,smt,True
31.15,-101.25,180.0,bottom,R116,,R_0805_2012Metric,220k,smt,True
14.22,-84.99,-90.0,bottom,R117,,R_0805_2012Metric,92k,smt,True
35.23,-97.93,0.0,bottom,R118,,R_0805_2012Metric,92k,smt,True
18.48,-98.26,-90.0,bottom,R119,,R_0805_2012Metric,92k,smt,True
13.89,-94.52,90.0,bottom,R120,,R_0805_2012Metric,10k,smt,True
18.21,-90.09,0.0,bottom,R121,,R_0805_2012Metric,10k,smt,True
40.77,-33.05,0.0,bottom,R122,,R_0805_2012Metric,680k,smt,True
40.81,-38.07,180.0,bottom,R123,,R_0805_2012Metric,680k,smt,True
17.03,-33.86,0.0,bottom,R124,,R_0805_2012Metric,100k,smt,True
24.51,-35.91,180.0,bottom,R125,,R_0805_2012Metric,100k,smt,True
17.0,-42.8,0.0,bottom,R126,,R_0805_2012Metric,100k,smt,True
40.86,-49.59,180.0,bottom,R127,,R_0805_2012Metric,12k,smt,True
20.55,-52.31,180.0,bottom,R128,,R_0805_2012Metric,100k,smt,True
16.87,-52.3,0.0,bottom,R129,,R_0805_2012Metric,100k,smt,True
25.88,-58.92,0.0,bottom,R130,,R_0805_2012Metric,100k,smt,True
32.12,-52.73,90.0,bottom,R131,,R_0805_2012Metric,100k,smt,True
25.9,-44.59,180.0,bottom,R132,,R_0805_2012Metric,100k,smt,True
25.94,-48.15,180.0,bottom,R133,,R_0805_2012Metric,4k7,smt,True
20.34,-16.95,-90.0,bottom,R134,,R_0805_2012Metric,R_PULLUP,smt,True
35.48,-90.96,0.0,bottom,R135,,R_0805_2012Metric,1k,smt,True
25.99,-17.0,-90.0,bottom,R136,,R_0805_2012Metric,R_PULLUP,smt,True
10.8625,-9.905,0.0,bottom,R137,,R_0805_2012Metric,47k,smt,True
40.3,-101.71,0.0,bottom,R138,,R_0805_2012Metric,1k,smt,True
16.74,-17.8,-90.0,bottom,R139,,R_0805_2012Metric,47k,smt,True
17.835,-63.565,0.0,top,RV101,,Potentiometer_Bourns_3266Y_Vertical,20k Trim2,tht,True
32.06,-66.14,-90.0,top,RV102,,Potentiometer_Bourns_3266Y_Vertical,10k Trim1,tht,True
13.605,-38.03,0.0,top,RV103,,Potentiometer_Alps_RK09L_Single_Vertical,10k Coarse,tht,True
43.895,-33.03,180.0,top,RV104,,Potentiometer_Alps_RK09L_Single_Vertical,10k Fine,tht,True
13.53,-55.01,0.0,top,RV105,,Potentiometer_Alps_RK09L_Single_Vertical,10k PWM Depth,tht,True
43.825,-50.01,180.0,top,RV106,,Potentiometer_Alps_RK09L_Single_Vertical,10k Pulse Width,tht,True
9.01,-4.42,180.0,bottom,SW101,,SW_SPST_B3U-1000P,RST,smt,True
20.34,-67.85,0.0,top,U101,,DIP-16_W7.62mm,AS3340,tht,True
24.97,-96.37,180.0,bottom,U102,,SOIC-14_3.9x8.7mm_P1.27mm,TL074,smt,True
26.41,-52.16,0.0,bottom,U103,,SOIC-8_3.9x4.9mm_P1.27mm,TL072,smt,True
22.17,-8.96,0.0,bottom,U104,,TSSOP-20_4.4x6.5mm_P0.65mm,STM32G030F6P6,smt,True
38.9325,-28.14,180.0,top,U105,,SSD1306_OLED_128x64,~,tht,True
35.77,-20.67,180.0,bottom,U106,,SOT-223-3_TabPin2,AMS1117,smt,True
